CustomerID,FirstName,LastName,Email,Phone,Address,City,State,Country,PostalCode,DateOfBirth,CustomerType,RegistrationDate,LastPurchaseDate
1,Derek,Stuart,melissabrown@davis.com,272-561-7933x4371,"0343 Martin Brook Suite 550
Donaldsonside, NM 36649",Woodshire,Vermont,Mauritius,98546,10/1/1984,Corporate,9/20/2022,8/7/2024
2,Donna,Greene,danielanderson@yahoo.com,1664024550,"516 Patel Ridges Apt. 655
Lake Elizabethshire, RI 78420",South Brandon,South Carolina,Samoa,22463,2/21/1941,Corporate,7/2/2022,4/23/2024
3,Christie,Contreras,khanscott@hotmail.com,(486)565-5326x2200,"Unit 3419 Box 3019
DPO AP 30091",Robinton,Hawaii,Kyrgyz Republic,72787,10/22/1971,Corporate,11/19/2022,8/14/2024
4,Latoya,Silva,tylermartin@henry-wilson.com,001-762-170-0948x05701,"11966 Moore Creek Apt. 622
Peterfort, CA 65031",Camachomouth,Arizona,Nauru,91282,11/21/1977,Individual,1/30/2021,5/18/2024
5,Kristen,Pena,oliverkimberly@graham.com,(577)454-3279,"19350 Christopher Key
East Lee, NE 18479",Christinaland,Alaska,Equatorial Guinea,19375,6/15/1945,Corporate,7/16/2023,8/16/2024
6,Michelle,Anderson,beckjoseph@yahoo.com,235.071.7597,"USCGC Taylor
FPO AA 89647",East Hollymouth,Missouri,Uruguay,76733,6/30/1987,Individual,1/18/2022,7/30/2024
7,Patrick,Ibarra,katrinarodriguez@burke.info,(857)432-8066x9964,"6066 Jessica Manors Apt. 804
East Brandi, CO 51990",Maloneville,Mississippi,Luxembourg,84673,2/2/1958,Individual,6/14/2022,6/16/2024
8,Christie,Mcdonald,alfred44@hotmail.com,+1-938-063-7860x7825,"814 Mccormick Spur
Samuelville, CO 05904",North Ryan,Georgia,Rwanda,42223,1/14/1936,Individual,7/31/2024,2/15/2024
9,Derek,Robinson,millerlaurie@gmail.com,642-760-5612,"126 Miller Gateway Apt. 978
Port Wendy, UT 33488",West Tracychester,Massachusetts,Guatemala,57959,6/6/1936,Corporate,8/27/2023,5/5/2024
10,Jerry,Goodwin,moyerlatasha@rios-thomas.com,(167)710-1825,"PSC 0679, Box 2549
APO AA 34687",Port Michelle,South Dakota,Malawi,32689,5/14/1958,Corporate,1/7/2021,1/12/2024
11,Dillon,Taylor,wagnerheather@yahoo.com,1183144858,"669 Weiss Views
West Leetown, GA 45632",Haleview,Minnesota,Honduras,72996,3/1/2004,Individual,8/30/2022,3/9/2024
12,Melissa,Wallace,yli@hotmail.com,744-330-8877x3298,"403 Pham Point Apt. 367
Nguyenmouth, NH 49873",Scottview,New Mexico,Equatorial Guinea,64098,2/7/2001,Individual,8/16/2024,7/5/2024
13,Dana,Flowers,christinetrevino@smith-gill.com,001-647-878-1804x763,"15198 Benjamin Manors Apt. 405
Jodiville, NJ 49096",East Tamiburgh,Kentucky,Peru,84262,9/17/1970,Corporate,3/21/2020,8/17/2024
14,Jessica,Smith,delgadolauren@hotmail.com,(543)287-4699x22610,"64086 Jake Crossing
Anntown, FL 58436",Lake Bobbyport,Oregon,Madagascar,62923,2/6/1986,Individual,6/22/2024,4/19/2024
15,James,Beasley,nancysimpson@aguilar-alvarado.info,(273)663-6214x572,"7582 Julie Ridges Suite 227
Yvonneberg, NY 81949",Stuartton,West Virginia,British Indian Ocean Territory (Chagos Archipelago),51211,2/25/1965,Corporate,5/7/2024,6/9/2024
16,Jeffery,Cohen,mooreanthony@hotmail.com,(953)262-2866,"0390 Travis Spring
South Ericside, SC 80860",Scottside,New Mexico,United States Minor Outlying Islands,62244,1/7/1949,Corporate,1/9/2024,1/22/2024
17,William,Williams,brownjoseph@ellis-ayala.com,001-244-775-5466,"085 Anna Canyon
West Joycestad, ME 83641",West Edwin,Alaska,Palau,10551,5/19/1978,Individual,9/13/2020,5/8/2024
18,Theresa,Gaines,matthewfleming@glenn-little.org,001-177-132-1802x822,"PSC 0781, Box 1107
APO AE 54119",New Shannonbury,Pennsylvania,Lesotho,49516,1/22/1987,Corporate,8/18/2020,6/24/2024
19,Jacob,Henderson,anthonyadams@patel.com,106.357.1765x35732,"467 Thomas Spurs Suite 483
South Jason, NH 50252",South Sarahbury,Louisiana,Benin,73968,7/17/2003,Corporate,9/19/2022,5/20/2024
20,Gavin,Miller,mcguirerobert@yahoo.com,(223)483-3430x55870,"71534 Luna Canyon
South Judith, DE 85110",Guerrerotown,Rhode Island,French Guiana,56290,7/29/1966,Individual,4/30/2020,3/21/2024
21,Michael,Collins,angelaevans@andrews.org,-8604,"793 Stephanie Mill Apt. 323
Hancockport, AR 65907",South Ashley,Georgia,Syrian Arab Republic,5866,2/26/1958,Corporate,6/2/2023,5/5/2024
22,Robin,Dean,xmason@morales-anderson.com,8793161268,"51309 Evans Club
East Garychester, SD 19751",Ryanbury,Missouri,Pakistan,85377,3/31/1974,Individual,1/13/2024,4/4/2024
23,David,Thompson,lambertmathew@bautista-webb.com,669.389.7537,"81101 Mills Circles Apt. 090
East Matthew, TN 61507",Debbiebury,Indiana,Seychelles,63710,12/27/2005,Corporate,4/27/2020,7/3/2024
24,Jennifer,Cohen,denise59@dixon-blevins.net,(731)640-9211,"356 Landry Vista Suite 650
Collinsshire, ID 69519",East Anthony,Mississippi,Jordan,74347,2/16/1991,Individual,9/26/2021,4/27/2024
25,John,Arnold,nelsonbrian@nelson.com,455-637-4276,"259 Cooper Islands Apt. 922
Lindaview, SD 02197",Cooperview,Florida,British Virgin Islands,83514,7/6/2006,Corporate,1/16/2022,5/29/2024
26,Ronald,Herman,angela72@baker.com,7230186683,"33467 Zachary Lake Suite 252
Kennethville, AK 01638",Baileybury,Arizona,Puerto Rico,77000,10/14/1934,Corporate,12/20/2021,2/10/2024
27,Jessica,Jennings,dianehudson@heath.info,001-906-234-1696x64072,"USNS Turner
FPO AA 57085",Alvaradoview,Colorado,Antigua and Barbuda,42781,12/20/1974,Corporate,11/10/2022,6/25/2024
28,Bradley,Harris,twilliams@yahoo.com,001-226-268-8679x55543,"842 Thomas Squares
Port Susan, ME 67494",South Jose,Idaho,Antarctica (the territory South of 60 deg S),48989,12/22/2003,Individual,4/6/2020,1/8/2024
29,Andrea,Parker,volson@hotmail.com,001-017-588-4453x599,"71277 Dean Trafficway Suite 460
Lake Jenniferton, NV 14057",Guzmanside,Iowa,French Southern Territories,14229,7/29/1939,Individual,7/16/2022,4/29/2024
30,Michael,King,vhawkins@jensen-bradley.com,352-606-8796,"089 Karen Crescent Suite 480
New Brianbury, CO 85795",West Suzannefort,Massachusetts,Indonesia,57077,2/24/1986,Corporate,5/7/2020,2/26/2024
31,Colleen,Hale,nicole48@bass.com,214.828.5920x4590,"206 Davis Burg
Port Ritaside, NE 82634",Catherinefort,Missouri,Thailand,74944,1/25/1994,Corporate,10/5/2023,5/19/2024
32,Sheryl,Carter,nchavez@yahoo.com,335.675.8232x250,"95038 Darrell Crescent
Erinhaven, TN 26739",West Davidmouth,Delaware,Monaco,77623,7/2/1995,Corporate,12/13/2022,1/15/2024
33,Diane,Alvarado,mlarson@becker.info,802.241.6514,"587 Conley Branch
Lake Taylor, NH 64601",Larryfort,Ohio,Martinique,71461,6/10/2006,Corporate,2/21/2022,1/16/2024
34,Daniel,Fields,boydadam@sandoval.biz,-10599,"874 Walter Trafficway
Helenton, RI 65982",North Katelyn,Kansas,Montenegro,83419,9/22/1964,Individual,3/27/2024,6/26/2024
35,Maurice,James,santanadavid@hernandez.com,+1-672-369-7123x6427,"12132 Simon Plains
Port Courtney, MN 58703",Ryanstad,Michigan,Costa Rica,8988,4/10/1938,Corporate,2/10/2023,2/28/2024
36,Andrew,Stout,sandra52@hotmail.com,+1-745-041-4287x431,"35999 Matthew Glens Suite 692
New Elizabethchester, NM 25053",New Jeremymouth,West Virginia,Vanuatu,49381,6/23/1968,Individual,10/19/2023,7/10/2024
37,Bradley,Atkinson,pamela82@hotmail.com,001-163-141-3499x0873,"017 Daniels Place
Katelynfurt, LA 71012",Petersview,Georgia,Canada,3750,11/21/1962,Corporate,4/24/2020,1/28/2024
38,Michael,Miller,carriecervantes@wells.com,814-140-5494x1504,"703 Michelle Station Suite 947
Martinezshire, MO 77572",Edwardport,Kentucky,Azerbaijan,70067,8/5/1981,Individual,12/19/2020,1/21/2024
39,David,Dalton,bonnieriddle@hogan.info,016-670-9950x72184,"5011 Hall Stream Suite 826
East Aaronton, ND 41183",Melendezberg,Indiana,United Arab Emirates,29464,12/14/1933,Corporate,1/7/2021,7/25/2024
40,David,Ortiz,julie67@riley.com,134.641.8028,"4900 Kevin Coves Suite 815
South Scott, RI 87151",Petersonmouth,California,Belarus,29662,10/9/1946,Individual,2/13/2023,2/14/2024
41,Eric,Duarte,zacharyhansen@yahoo.com,801-357-2985x574,"916 Guzman Plain Apt. 985
Rachelland, DC 09682",Maryfort,Wyoming,United States Minor Outlying Islands,73045,7/6/1946,Corporate,5/30/2021,6/15/2024
42,William,Lee,heatherramos@smith.biz,001-840-671-4950x82828,"794 Lauren Way Apt. 237
Riverafort, TX 02541",New Kimberly,Wisconsin,United States Minor Outlying Islands,75565,11/7/1955,Corporate,5/9/2020,4/24/2024
43,Ian,Nichols,eric10@hotmail.com,412-314-7431,"708 Michael Squares Suite 360
North Brendaport, MD 48961",Davisburgh,Colorado,Cameroon,67356,10/4/1951,Individual,1/19/2020,1/28/2024
44,Latoya,Brewer,wilsonjanice@barnes.com,304.605.1852,"84731 Jacob Valley Apt. 762
Brettfurt, CA 59541",South Bonnie,Maine,New Zealand,94602,7/11/1968,Individual,11/25/2021,2/5/2024
45,Billy,Hayes,richard17@hotmail.com,221.016.2719,"08296 Moreno Divide Apt. 591
East Raymond, IN 63698",Davidville,New Hampshire,Zambia,20901,5/10/2005,Corporate,5/1/2023,8/3/2024
46,Courtney,Martin,rperez@soto.com,417-909-5139x2233,"45855 Foster View Suite 350
Rickymouth, OK 02928",Lake Adamfort,Delaware,Afghanistan,22631,7/29/1979,Individual,7/15/2022,5/31/2024
47,Malik,Meyer,wlewis@harmon.net,(579)751-8947x7457,"8199 Lee Motorway
Simmonsshire, NH 93265",New Melanie,North Dakota,Chile,38529,6/16/1946,Individual,1/27/2022,6/21/2024
48,Yvette,Myers,pdurham@yahoo.com,430752977,"298 Brooks Ridge
Lake Carla, ND 38448",Ericville,Ohio,Taiwan,22366,10/15/1966,Corporate,3/24/2024,2/7/2024
49,Sonya,Cooper,wendyclark@yahoo.com,829.356.4243x3853,"68001 Isaac Crescent Apt. 225
Lake Meghanland, GA 70885",Melissaton,Michigan,Syrian Arab Republic,78257,4/10/1965,Individual,3/21/2023,5/5/2024
50,Emily,Nash,melissa37@garza.biz,946.563.4735x09085,"259 Jeffrey Shore
Lake Neil, CA 50130",Port Laurenmouth,Hawaii,Grenada,33411,12/16/1985,Individual,12/16/2020,3/31/2024
51,James,Arias,wreeves@hotmail.com,336.433.7636,"6192 Shepherd Avenue Apt. 092
North Kristichester, IL 63124",New Christopher,Vermont,Tajikistan,18830,8/20/1959,Corporate,8/22/2022,1/12/2024
52,Ariana,Phillips,brucekayla@bauer.com,9298809897,"5299 Charlotte Run Apt. 589
Helenhaven, SC 98652",Jessicaberg,Iowa,Rwanda,61438,8/3/1945,Corporate,1/31/2021,4/18/2024
53,Jill,Clark,elliottmichelle@gmail.com,-3839,"22588 Casey Courts Apt. 653
Thomasburgh, WA 63476",North Kristenmouth,Alabama,Poland,62097,9/12/1948,Individual,3/17/2021,1/26/2024
54,Jesse,Anderson,sheppardjay@hotmail.com,437.503.5313,"9768 Navarro Fort
South Alicia, PA 41558",North Nancyville,Georgia,Lebanon,51252,6/29/1982,Individual,6/26/2024,4/6/2024
55,Stephen,Gonzales,mcknightstephanie@gmail.com,895.660.7823x18701,"669 Jones Lights Apt. 898
New Georgeborough, MN 32120",Courtneyside,Ohio,Iraq,19857,9/18/1973,Corporate,12/19/2021,4/10/2024
56,Melissa,Cannon,ygreen@hotmail.com,4350466905,"9143 John Flats Apt. 222
Port Mark, RI 30113",Joshuaport,South Carolina,Japan,71560,2/14/1940,Corporate,12/10/2020,1/31/2024
57,Lisa,Griffith,gmitchell@gmail.com,2042963404,"1835 Lori Turnpike Apt. 945
West Frederickland, AZ 87887",Nathanfurt,Nevada,Christmas Island,5472,11/11/1942,Individual,10/11/2022,1/19/2024
58,Neil,Hill,ajordan@bell.biz,534.999.2574x7683,"Unit 5441 Box 8429
DPO AA 75789",Jenkinsview,Michigan,Austria,70317,3/28/1957,Individual,5/7/2021,1/27/2024
59,Peter,Myers,thompsonstephanie@wilson-yates.net,+1-376-388-5161x06001,"9093 Edwards Common
Bonillabury, MN 25389",North Marieville,Pennsylvania,Jordan,92091,2/23/1957,Individual,6/16/2024,6/9/2024
60,Katelyn,Kennedy,simpsonshannon@james.com,516.246.0796x098,"63254 Baldwin Unions
Woodsbury, MN 16018",Jonesport,Nebraska,Iraq,16836,3/25/2006,Corporate,1/23/2022,7/14/2024
61,Judy,Mills,stacey74@yahoo.com,(597)166-1463x54398,"9834 Gina Ford
West Melissaport, HI 59058",North Ashleyfort,Wisconsin,Mexico,71619,8/2/1981,Individual,1/14/2021,8/18/2024
62,Christian,Zimmerman,patrickjohnson@gmail.com,780-924-0827x487,"4569 Kirby Cliff Suite 862
New Katie, NH 08698",East Markmouth,Delaware,Sudan,56161,5/30/1966,Individual,5/6/2020,7/26/2024
63,Patrick,Clark,michelemurphy@gmail.com,+1-010-528-8203x2877,"75741 Taylor Square
North Benjaminstad, IL 14183",Port Kathleenshire,Wisconsin,Spain,14449,6/7/1980,Individual,10/8/2023,4/5/2024
64,George,Valentine,laranicholas@frye.com,981.932.8386,"28486 Thomas Station
Williamshaven, MN 85537",Port Dawn,Washington,Estonia,63157,2/15/1936,Individual,8/7/2024,5/1/2024
65,Roy,Brown,carlostaylor@hotmail.com,(458)906-4672x67417,"505 Luke Fort
West Natasha, VT 59678",South Kristenville,New York,Cyprus,63200,1/10/1941,Individual,7/23/2021,6/24/2024
66,Jaime,Smith,sanchezangela@yahoo.com,458-432-8450,"1436 David Route
Castillofort, WY 81391",Derrickmouth,Arizona,Tajikistan,90455,12/3/1965,Corporate,6/30/2021,8/8/2024
67,Christopher,Brown,mary44@hotmail.com,(445)264-9046x971,"934 Steven Shore Suite 407
Williamsside, NJ 63288",West Robert,New Jersey,Samoa,30450,12/22/2001,Individual,10/27/2020,8/14/2024
68,Amber,Willis,simpsondaniel@yahoo.com,+1-887-122-4272x9400,"329 Gordon Mountain Suite 568
Jeffreyview, OR 06884",Sherylchester,Indiana,Kuwait,75978,9/2/1960,Individual,8/20/2022,3/31/2024
69,Jeremiah,Bush,carterjohn@reyes-ramos.org,001-915-236-7796x758,"0448 Brandon Keys Apt. 680
Hurstport, MI 18099",Lake Brandonmouth,Montana,Montserrat,46279,12/29/1979,Corporate,12/31/2021,5/23/2024
70,Michael,Swanson,coledarren@sanders.biz,771-299-8528x527,"0261 Tyler Ville Apt. 626
Nataliebury, AL 89615",New Cody,Rhode Island,Northern Mariana Islands,53780,8/6/1956,Corporate,12/27/2023,1/4/2024
71,Brenda,Mitchell,bscott@gmail.com,001-022-900-7506x248,"182 Michael Centers Apt. 442
Caroltown, MN 53963",Avilatown,Oklahoma,Timor-Leste,82350,5/19/1957,Individual,8/31/2021,7/24/2024
72,Christina,Erickson,dannybrown@robinson-robinson.com,001-163-328-4599x97182,"385 Christopher Spur Apt. 415
Grantton, LA 15236",Sharonmouth,Nevada,Tuvalu,80398,4/11/1942,Corporate,12/29/2021,1/12/2024
73,Samuel,Sanchez,hughesjoseph@brown.com,398-105-4789x8426,"74660 Proctor Road
Ricefort, NY 77600",Port Markstad,Nevada,Nicaragua,97296,12/25/1939,Individual,6/9/2022,4/11/2024
74,Joy,Matthews,gabrielagarcia@beasley-johnson.com,(586)790-8560,"115 Sean Street Suite 395
Acostaberg, UT 70286",Jacksonfort,Arkansas,Estonia,29267,8/16/1943,Individual,12/12/2020,6/11/2024
75,Donald,Long,michaelhoover@hutchinson-baker.biz,+1-412-381-5597x59386,"036 Theresa Heights
Port Margarethaven, AK 56915",Nguyenport,Illinois,Guinea,92176,3/3/1945,Individual,12/12/2021,2/21/2024
76,Gary,Reyes,stokesjohn@yahoo.com,+1-355-370-6824x7210,"90287 Harrison Overpass
West Christopher, CT 56496",Davidhaven,Rhode Island,Croatia,50904,6/14/1981,Individual,5/20/2022,3/3/2024
77,Rachel,Barrera,lindachase@cruz-adams.biz,001-988-610-6102x1393,"01013 Ritter Motorway Apt. 776
South Tammy, OK 99646",Port Reginald,Ohio,Slovenia,17363,10/13/1946,Corporate,8/21/2024,2/13/2024
78,Carl,Bird,smithkara@hotmail.com,127.810.3285,"565 Chung Tunnel Suite 443
Deanside, WY 46042",Jeremymouth,Florida,Rwanda,10931,12/25/1965,Individual,7/13/2023,5/30/2024
79,Leslie,Williams,amandanorton@potter.org,+1-793-045-5933x93777,"413 Jonathon Lodge Suite 506
Rubenmouth, CO 97558",New Emilyhaven,Nevada,Gabon,83856,6/15/1943,Corporate,3/15/2020,6/5/2024
80,David,Ross,deborahstout@dean-cook.org,237-140-8898,"PSC 0078, Box 4740
APO AA 07642",Lisastad,New Hampshire,Kuwait,19703,3/31/1956,Corporate,2/10/2024,8/4/2024
81,Charles,Marsh,velazquezjustin@gmail.com,206-216-5589x16099,"78647 Reynolds Courts Suite 394
Angelachester, TX 82317",Port Donald,Arkansas,Greece,52060,4/28/1947,Corporate,6/22/2021,7/26/2024
82,Mary,Johnson,zjones@yahoo.com,538-512-6661x68557,"PSC 6184, Box 5991
APO AA 45044",East Susan,Illinois,Germany,76874,5/12/1941,Individual,11/2/2023,4/8/2024
83,Natalie,Leonard,vjames@gmail.com,(230)745-9952,"500 Christopher Freeway
Matthewstad, HI 29529",Jamesberg,South Dakota,Myanmar,91959,12/21/1945,Corporate,3/18/2020,5/4/2024
84,Zachary,Harris,robertsonzachary@bryant.com,732.420.0142,"4455 Freeman Mission Suite 248
Suzannetown, NY 49498",Garciaside,Indiana,Holy See (Vatican City State),27258,6/26/1966,Corporate,8/3/2021,4/29/2024
85,Dennis,Henry,jessica00@gmail.com,7325037609,"1205 Thomas Key
Chloestad, NM 24583",South Kristintown,Mississippi,Guadeloupe,84416,9/14/1952,Individual,7/25/2024,2/14/2024
86,George,Nguyen,dwilliams@gmail.com,190.215.0385x034,"955 Lee Crescent
Hicksside, OH 01517",Reginaldbury,Rhode Island,Ethiopia,63248,11/5/1945,Individual,7/17/2020,5/14/2024
87,Jessica,Goodwin,bushlauren@edwards.net,790.211.1724,"USNV Rodgers
FPO AE 88145",Port Lori,Florida,Barbados,3682,4/28/2002,Individual,10/16/2020,4/27/2024
88,Michael,Tucker,jameskeller@hotmail.com,041.392.4000,"5373 Sanchez Plaza
Barnettland, GA 14623",Vanessaview,New Mexico,United States Minor Outlying Islands,64349,5/5/1964,Individual,6/24/2022,4/6/2024
89,Sara,Thomas,zadams@gmail.com,(349)688-1401x425,"0264 Christina Pine Apt. 085
Lake Justin, AL 07426",West Alisonview,Tennessee,Northern Mariana Islands,50570,7/15/1972,Corporate,3/2/2020,5/1/2024
90,Ricardo,Boone,kellyturner@foster.net,420.974.3704,"428 Christopher Knolls
East Nathan, PA 03430",Whiteton,Connecticut,Saudi Arabia,86642,5/6/1968,Individual,8/17/2023,2/8/2024
91,Laurie,Day,russokatherine@douglas.info,236.264.4394x9729,"USNS Lane
FPO AE 49185",New Michaelborough,Arizona,Mayotte,42784,3/21/2004,Corporate,1/12/2022,1/17/2024
92,Patricia,Murphy,youngluis@carey-richards.com,(526)458-1377,"8475 Lisa Trail Suite 819
Baldwinport, VT 76550",Jonesmouth,Delaware,Hong Kong,44274,7/9/1994,Corporate,7/17/2022,1/8/2024
93,Victor,Cruz,territhomas@gmail.com,145.276.6144x49467,"Unit 8268 Box 3421
DPO AP 01742",Harveyfurt,Washington,Italy,1811,5/22/1960,Corporate,10/4/2023,3/4/2024
94,Samantha,Smith,tara97@hotmail.com,(857)170-9038x09430,"Unit 0079 Box 9503
DPO AE 49698",Lake Chad,Kansas,Bolivia,4998,2/16/1988,Individual,7/8/2023,2/1/2024
95,John,Davis,charleswells@yahoo.com,422.122.6304,"1630 Stout Mount
Port Peterside, SC 26321",Bernardmouth,Arkansas,Argentina,50508,8/6/1945,Individual,8/13/2024,3/28/2024
96,Jessica,Stone,michaeldean@rodriguez-mccall.biz,452-062-1120,"92426 John Isle Suite 146
East Cristian, MD 91954",Lake Andrew,Georgia,Finland,48066,12/30/1999,Corporate,12/18/2021,3/30/2024
97,Jeremiah,Werner,taylorpeter@allen-clarke.net,001-050-251-7248x907,"61433 Brenda Expressway Suite 882
South Thomas, TX 17611",Hunterfurt,Wisconsin,Lesotho,50932,12/23/1950,Corporate,7/9/2024,1/27/2024
98,Sandra,Torres,rhondacrawford@gmail.com,+1-551-363-0439x7924,"4564 King Rapid Apt. 604
Rebeccamouth, TN 12839",Lake Duaneport,Indiana,Barbados,42027,6/11/1998,Individual,4/29/2024,2/29/2024
99,Scott,Johnson,wkelley@yahoo.com,(871)550-7633,"886 Willie Lock
Larsonmouth, VA 05797",Emilyborough,Florida,Greece,90105,8/24/1974,Individual,1/8/2022,5/21/2024
100,Jonathan,Freeman,lowens@gmail.com,(910)588-1772x0433,"6228 Jennifer Squares
Taylorbury, IN 62970",Smithfurt,South Dakota,Northern Mariana Islands,40040,7/29/1999,Individual,2/19/2024,5/4/2024
101,Douglas,Ramos,grosschelsea@pittman.com,396-674-3635x4163,"467 Sarah Hill
West Bethfort, TX 17138",Yvettechester,Nevada,Anguilla,39492,7/5/1973,Corporate,5/4/2023,7/14/2024
102,Cheryl,Washington,brucegrant@james-patterson.net,-4076,"6266 Rachel Land Suite 716
Sandyhaven, AK 02693",New Jennifer,Idaho,Seychelles,60479,3/30/1969,Corporate,4/6/2021,5/30/2024
103,Lisa,Johnson,fdavis@hotmail.com,402-608-6143x969,"PSC 9777, Box 0763
APO AE 80802",New Philliptown,Kansas,Singapore,63101,12/7/1965,Individual,7/7/2022,6/5/2024
104,Linda,Tyler,danielle59@hotmail.com,(446)641-1448x61269,"PSC 2661, Box 4662
APO AP 75169",Franklintown,Oklahoma,Denmark,14661,5/17/1995,Individual,2/22/2021,7/14/2024
105,Michael,Miller,scott88@hotmail.com,068.592.9374x41886,"8723 Kenneth Lane
Bellmouth, DC 31496",Chadstad,Ohio,Cayman Islands,83224,4/22/2000,Individual,6/24/2022,4/10/2024
106,Tracey,Wise,bmiller@myers.info,001-783-154-5128x214,"8688 Carl Brook Apt. 117
Fletcherview, SD 74024",West Daniel,New Hampshire,Finland,5745,3/23/1984,Corporate,5/6/2022,7/31/2024
107,Aaron,Steele,shellygriffin@yahoo.com,001-164-111-0344,"Unit 1751 Box 9940
DPO AP 10087",North Melissashire,Texas,Luxembourg,57401,11/11/1989,Individual,12/30/2023,2/21/2024
108,Emily,Payne,samanthajackson@peterson.com,408-378-3028x38346,"012 Fields Parks
Andrewport, MN 45053",Sandersview,New York,Peru,78541,3/22/1979,Corporate,12/7/2021,3/7/2024
109,Heather,Burgess,angelawong@harris-hurley.com,178.030.1486,"828 Craig Port
Jamesshire, IA 13038",Port Kevinborough,Massachusetts,Botswana,53550,1/31/1953,Corporate,6/13/2022,2/24/2024
110,Andrea,Oconnor,millerscott@gmail.com,(687)438-0431,"0747 Moses Skyway
Lake Caseyview, NH 65373",Valentineshire,Pennsylvania,Macedonia,7794,6/8/1968,Corporate,2/11/2022,3/29/2024
111,Eddie,Watson,wardphilip@pope.com,8916987509,"2042 Howell Mission
Jeremyberg, SD 98115",North Hunter,Illinois,Tonga,37562,6/4/1955,Individual,11/21/2023,7/26/2024
112,Richard,Osborne,catherineweber@clark.com,+1-044-498-2249x35967,"USS Gonzalez
FPO AA 44109",Gregoryfurt,Nebraska,Taiwan,71326,3/25/1990,Individual,6/15/2021,6/3/2024
113,Jordan,Mercer,kylewilliams@bowen.net,2566456660,"168 Michelle Villages Apt. 761
Wheelerland, SD 71794",Port Lauraberg,Hawaii,Ecuador,35152,10/20/1938,Individual,4/14/2020,2/24/2024
114,Denise,Young,lcurtis@perez.com,(997)787-6802,"8637 Kelli Extensions
Gregoryton, WA 72170",Robertberg,Kansas,Morocco,15363,8/24/1943,Individual,9/21/2021,1/5/2024
115,Shane,Williams,jacksonamanda@choi.org,(557)352-9734x615,"PSC 1417, Box 2263
APO AP 14579",Port Jamesport,Massachusetts,Zimbabwe,86819,1/25/1968,Corporate,9/29/2023,3/2/2024
116,Pamela,Sexton,stanley12@hotmail.com,776-848-7211,"014 Mclaughlin Road Apt. 913
North Jacqueline, UT 36142",East Donaldport,South Carolina,Equatorial Guinea,12350,9/29/1962,Individual,7/30/2021,7/4/2024
117,Mark,Taylor,ntran@dougherty-morris.net,861-020-6030,"386 Melissa Cove Suite 999
Amberstad, UT 37618",Phillipsland,Alaska,Comoros,71774,10/22/1968,Corporate,1/17/2022,7/15/2024
118,John,Parker,ktaylor@yahoo.com,+1-121-989-9037x4383,"890 Shaw Shore
Boydville, MN 18442",Shawnton,Louisiana,Denmark,87150,7/26/1993,Corporate,3/26/2022,6/29/2024
119,Marc,Rice,pgarcia@gmail.com,(791)789-5760x237,"45552 Gregory Streets
Port Tammyfort, FL 58548",North James,Arkansas,United States Virgin Islands,47191,7/5/1991,Individual,3/12/2024,7/31/2024
120,Nichole,Pearson,nkidd@baker.com,-2663,"51110 Carol Mills Suite 338
Briannahaven, SC 66152",Christinashire,Oklahoma,Comoros,96179,7/5/1945,Individual,12/4/2021,2/18/2024
121,William,Williams,diana44@yahoo.com,2527457633,"53925 Justin Street Suite 265
West Melissamouth, NM 50498",Hornfurt,Tennessee,Heard Island and McDonald Islands,5700,4/12/1934,Individual,11/17/2023,7/29/2024
122,Jennifer,Brown,herrerajose@gmail.com,(328)125-2319x1200,"875 Murillo Springs
South Billton, WY 50673",Josefort,Oregon,Sri Lanka,33771,1/21/1974,Individual,10/7/2023,1/6/2024
123,Brian,Palmer,charlesguzman@cox.com,(774)610-2791,"40172 Rangel Harbor Apt. 447
Greenstad, ME 66826",Maxwellton,North Carolina,Wallis and Futuna,36733,7/18/1982,Corporate,9/7/2020,6/23/2024
124,Jacqueline,Mitchell,michaelanderson@gmail.com,+1-236-360-5951x106,"79745 Christopher Parkways Apt. 600
Taylorville, CA 12798",Martinezport,Wisconsin,Luxembourg,41245,9/3/1967,Individual,10/20/2022,5/8/2024
125,Michael,Cohen,gdiaz@hotmail.com,(678)283-0648x1858,"20251 Harper Green Apt. 177
North Jamesside, SC 21659",Robertport,New Mexico,Moldova,99421,4/21/1938,Corporate,7/7/2021,6/21/2024
126,William,Moreno,tiffany45@ruiz-williams.net,5750267690,"3802 Rebekah Junctions Suite 674
New Anna, ID 28278",East Dianehaven,Wyoming,Zambia,68099,3/24/1952,Corporate,5/10/2020,5/1/2024
127,Angela,Lewis,katherine86@young.com,054.655.2854x8399,"22974 Roy Pass
Teresaberg, VA 86637",Jeanfurt,Colorado,French Guiana,5460,12/25/1940,Individual,4/25/2021,4/30/2024
128,Ashley,Turner,dthomas@perry.info,+1-771-030-5765x6560,"01094 Dustin Junction
Port Lauren, AK 76293",New Carlosmouth,Texas,El Salvador,91551,3/13/1990,Corporate,6/17/2024,5/31/2024
129,Brian,Cohen,edwardslauren@carson.com,001-689-902-1950x0276,"486 Duarte Locks
Rodriguezside, LA 32242",Garnerside,Idaho,Malawi,62705,5/13/1970,Corporate,6/22/2020,3/2/2024
130,Travis,Atkins,thompsonamy@sullivan.com,227-045-1618x815,"72948 Bailey Track
East Shirleyburgh, MO 26771",East John,Kansas,Indonesia,49494,9/3/1945,Individual,10/1/2020,7/4/2024
131,Carolyn,Lee,zmichael@dixon-johnson.com,(162)280-7617,"USNS Mitchell
FPO AP 38716",South Katelynbury,Utah,Iraq,4478,2/4/1974,Individual,9/14/2023,1/13/2024
132,Ronald,Davis,martinezmark@hotmail.com,567.525.1604x68044,"180 Cummings Ford
South Jennifer, SC 51467",Kathrynhaven,Kentucky,Uzbekistan,56639,1/6/1943,Individual,10/15/2021,2/28/2024
133,Laura,Mitchell,melissa55@moore-nixon.org,687-122-2965x5032,"438 Rodriguez Spur Suite 650
Ashleymouth, VA 81151",Ochoastad,Hawaii,Nepal,94586,9/11/1967,Individual,10/10/2020,2/4/2024
134,Charles,Wheeler,kweber@williams-sanchez.info,(535)122-4257x9320,"72457 Johnson Estate
South Victoriafort, AZ 36097",Port Tinaborough,Wyoming,Barbados,78790,8/16/1974,Individual,8/17/2024,2/16/2024
135,Mark,Mayo,jackgillespie@yahoo.com,001-094-073-4723x610,"99652 Rodriguez Gardens Suite 375
Jeffreyhaven, AZ 43173",East Randy,Texas,Rwanda,97503,10/12/1987,Individual,11/15/2022,2/13/2024
136,Kevin,Olsen,eross@gray.com,821.857.7938,"546 Murphy Forge Suite 620
North Shannon, NC 75149",Karenfort,Georgia,Slovenia,59891,8/28/1988,Individual,3/5/2023,2/25/2024
137,Kenneth,Fry,xevans@yahoo.com,880.499.4907x344,"USCGC Smith
FPO AA 33869",Allenville,Alaska,Iraq,64945,1/26/1934,Corporate,1/21/2020,2/26/2024
138,Julia,Cooper,grahamjacqueline@love-hunter.com,724.391.9163x963,"0435 Fernandez Burgs
Sarahhaven, OH 96026",Fostershire,Virginia,Bhutan,73531,1/17/1939,Individual,10/14/2021,1/6/2024
139,Rebecca,Wood,elizabeth94@yahoo.com,+1-639-594-7984x571,"Unit 5233 Box 9388
DPO AE 01848",Cruzport,Iowa,Solomon Islands,37613,6/21/1952,Individual,3/14/2024,6/1/2024
140,David,Mcdaniel,juanperez@yahoo.com,001-875-122-7363x50831,"54956 Reed Roads Suite 557
Rileymouth, OH 36797",Rayberg,Maine,Israel,55835,6/9/1940,Corporate,1/13/2021,5/2/2024
141,Andrew,Gross,yhernandez@hotmail.com,001-557-660-8107,"353 Laura Mountain Suite 752
Davisberg, ND 22739",Medinaborough,Utah,Dominican Republic,88262,7/14/1972,Corporate,8/19/2022,7/16/2024
142,Kenneth,Anderson,yatesjustin@yahoo.com,(817)620-4345x3737,"68918 Morris Green Apt. 779
Evansmouth, ID 57823",Lowebury,Minnesota,Lebanon,19004,7/19/1983,Individual,1/30/2024,3/30/2024
143,John,Hicks,kdiaz@carpenter.biz,(663)112-7694,"195 Aguirre Lock Apt. 051
Zamoraberg, LA 02085",Lake Allison,Michigan,Afghanistan,54388,4/2/1962,Corporate,9/11/2021,1/5/2024
144,Emily,Gillespie,ryanshea@hughes-contreras.com,+1-210-283-6169x083,"27087 Benjamin Roads
Hallborough, MI 53588",Lake Williammouth,Wyoming,Palau,97460,10/17/1945,Individual,5/11/2020,2/11/2024
145,Steven,Trujillo,jowens@gmail.com,803.136.8521,"28440 Cathy Trail Apt. 180
Wallermouth, WV 66853",Alvarezborough,Maryland,Cape Verde,43028,9/5/1964,Corporate,12/2/2020,8/4/2024
146,Ryan,Jackson,amandawright@hotmail.com,357.545.8015,"81103 Gonzalez Tunnel
Lake Margaretburgh, CT 56242",Barnesbury,Colorado,South Africa,6261,10/11/1984,Corporate,5/21/2021,1/15/2024
147,Cody,Jackson,staceyboyd@reyes.net,7254374660,"626 Scott Center
North Charles, DE 43623",West Nancyfort,West Virginia,Pitcairn Islands,53074,6/1/2006,Individual,3/7/2020,2/29/2024
148,Laura,Kline,zfletcher@medina-olson.com,+1-472-604-7634x0936,"7837 Campbell Prairie Suite 569
South Ruth, NM 69709",East Austinborough,Alabama,United Kingdom,51280,7/5/1979,Corporate,8/20/2020,7/9/2024
149,Walter,Oconnor,antoniobaird@williams.com,527.698.6752,"771 Singleton Ferry
East Katherine, AL 19464",Riggschester,Missouri,Aruba,40361,12/2/1984,Corporate,1/16/2021,8/17/2024
150,Michelle,Lopez,qwang@fields.info,368.323.1389x685,"9793 Bailey Drive Apt. 176
Mendozamouth, NV 43423",East Amyfurt,California,Reunion,74605,12/20/1997,Corporate,1/8/2021,1/19/2024
151,Jonathan,Peterson,mullinssteven@gmail.com,3855654529,"263 Stevenson Parkway
East Davidville, MN 56684",Mcmillanstad,Vermont,Togo,95900,7/28/1972,Individual,5/3/2021,8/17/2024
152,Tara,Stuart,harrisjeffrey@krause.com,249-737-2347x9911,"1190 Williams Fields
North Teresa, AZ 71819",Markchester,Rhode Island,Monaco,63086,10/21/1940,Individual,2/28/2023,2/1/2024
153,Danielle,Foster,christopherbarnett@yahoo.com,505-078-0926x31003,"70102 Cole Locks Suite 419
New Amber, CA 61137",Lake Denise,Arizona,New Caledonia,94987,3/11/1989,Corporate,4/7/2024,6/15/2024
154,Katrina,Mckinney,ypeterson@flores.com,001-345-143-2692x592,"067 Janet Mills Apt. 627
Stevensburgh, LA 18243",Meganfurt,Maryland,Malawi,1630,11/27/2003,Corporate,11/28/2020,7/30/2024
155,Linda,Wolfe,justinwhite@yahoo.com,784.935.5286x0498,"6993 Rachel Manors
Brandyfort, AZ 83355",Roblesville,New Jersey,Hong Kong,71499,11/14/1952,Individual,11/29/2022,7/22/2024
156,Jackie,Clark,sarahrangel@spencer.com,(324)185-6482x3432,"7573 Mark Garden
Michaelport, IA 14754",Port Allisonview,Georgia,Turkmenistan,88965,9/26/1945,Corporate,6/22/2020,7/26/2024
157,Chad,Miles,kevinpollard@good.com,+1-937-040-9396x42643,"915 Burns Curve Apt. 626
Rogerstad, DC 55489",Kaylaland,New Jersey,Martinique,90278,8/30/1978,Corporate,1/12/2022,2/12/2024
158,Tracy,Evans,yfrancis@mack.com,811.806.4938,"98734 Henry Crossroad
South William, ME 16993",Smithchester,Arizona,Mali,86661,10/14/2003,Individual,6/29/2020,4/29/2024
159,Tammie,Powers,daniel55@hotmail.com,001-285-751-5190x804,"Unit 6315 Box 3231
DPO AP 86786",South Natalie,Delaware,Sri Lanka,69356,9/19/1996,Corporate,5/15/2022,1/29/2024
160,Todd,Harrington,ssmith@williams.org,312.380.6337,"215 Valerie Isle
Williamsborough, CO 50126",East Kennethburgh,New York,Lao People's Democratic Republic,28139,6/24/1954,Corporate,1/19/2020,3/26/2024
161,Roger,Hall,douglas13@gmail.com,(483)145-3074,"3166 Stephen Overpass
Kellystad, MI 51926",Zoeshire,Delaware,Burundi,19834,2/20/1970,Corporate,9/8/2020,6/7/2024
162,Danny,Nichols,wallaceangela@moreno-stevens.com,+1-055-445-1876x9664,"8944 Livingston Cove Apt. 987
Warefort, OK 22457",Gregoryhaven,New Hampshire,Latvia,71479,10/28/1998,Corporate,4/13/2023,1/2/2024
163,Nicole,Beard,hjohnson@moore-franklin.info,881-959-8932,"Unit 3870 Box 6837
DPO AE 69793",West Dianastad,Louisiana,Dominica,19428,4/12/1937,Corporate,2/24/2021,1/24/2024
164,Joyce,Glover,luke31@collins.info,193-915-4315x50632,"Unit 5151 Box 6441
DPO AA 37919",New Daniel,Nevada,Christmas Island,14704,11/10/1990,Individual,6/17/2020,4/24/2024
165,Thomas,Miller,williamdurham@hotmail.com,161.238.7916x34969,"7060 Williams Drive Suite 621
New Alicia, VT 08379",Woodton,Florida,Indonesia,34327,4/18/1966,Corporate,5/2/2021,4/19/2024
166,Taylor,Chapman,james75@gmail.com,617.652.6880,"1102 Jackson Points Suite 518
Port Kristinabury, WY 43613",Cortezfurt,Mississippi,American Samoa,68857,3/13/1970,Individual,6/29/2020,8/11/2024
167,Casey,Montgomery,campbellchristopher@simon.com,228-146-1144,"20695 Day Crescent Apt. 203
Erictown, MA 11912",Perryview,South Dakota,Latvia,58531,11/3/1981,Individual,1/18/2020,6/12/2024
168,Grace,Nichols,freemanmary@hotmail.com,572-039-6889x1970,"5059 Jones Port
Hodgeton, IA 23540",Thomasshire,North Dakota,France,13232,5/4/2006,Individual,7/24/2022,1/9/2024
169,Emily,Wise,hernandezbrian@cross-reyes.biz,538-714-4295x938,"10613 Bailey Island
Lake Julie, IN 67965",Estradashire,Michigan,Faroe Islands,45613,3/5/2002,Corporate,6/22/2021,7/2/2024
170,Michael,Bass,kyle41@yahoo.com,001-518-568-5787x41845,"504 Lester Road
Eatonhaven, VA 98965",North Cynthiamouth,Kansas,Swaziland,11490,8/28/1983,Corporate,1/18/2020,1/2/2024
171,Sandra,Stephens,elizabethbrown@alexander.com,585.934.7094x6453,"105 Aaron Wells Suite 945
Gibsonport, NV 88339",Deborahfort,Indiana,Singapore,84253,2/16/1976,Individual,7/21/2022,6/22/2024
172,Jonathan,Johnson,nathan21@hotmail.com,341-234-4987x220,"794 Copeland Valleys
Greenmouth, NH 12975",East Harold,Florida,Cayman Islands,4825,7/23/1952,Individual,10/18/2021,5/31/2024
173,Jacob,Buckley,joshua15@williams.org,407-751-8046x90170,"512 William Throughway Suite 383
Karenbury, KS 54055",Lake Pamela,New York,Slovenia,39594,11/3/1975,Individual,6/26/2021,3/10/2024
174,Donna,Stout,gomezjason@dawson-jenkins.info,+1-629-496-6817x787,"3146 Rebecca Gardens
Pattonmouth, GA 81020",Katherineshire,Utah,Denmark,7510,10/14/1971,Individual,1/12/2020,7/4/2024
175,Andrea,Huang,irichardson@frye.com,459.821.2821x88285,"196 Troy Prairie Apt. 729
West Davidside, ME 70492",Lake Nicholasport,Missouri,Australia,26580,3/10/1942,Corporate,3/11/2020,2/8/2024
176,Shannon,King,lsexton@yoder-patel.net,(904)120-0268,"152 Emily Plains Suite 747
Lake Phillipstad, WI 10115",West Kevinchester,Colorado,Philippines,15236,10/25/1952,Corporate,6/4/2023,4/9/2024
177,Daniel,Guzman,ymeyers@willis.info,923928945,"57618 Miller Pines
North Josephview, SC 97003",South Tammy,Vermont,Hungary,24189,9/1/1946,Corporate,11/17/2022,6/16/2024
178,Lisa,Warren,alexandermichael@matthews.biz,075-954-7280x3459,"71806 Shepherd Pine
Woodstown, NC 21045",Parkerside,Maryland,Jordan,62500,2/9/1981,Corporate,4/20/2022,4/8/2024
179,Brandy,Love,tmiller@edwards.com,001-253-495-3592,"7112 Garcia Lane
Port Lisa, PA 79126",Kellyborough,Alaska,Chile,78903,9/17/1950,Individual,7/25/2020,7/15/2024
180,James,Cruz,zhicks@martin.com,+1-532-059-6347x68451,"547 Green Neck Apt. 979
South Andrewtown, WA 47712",Florestown,Idaho,Vanuatu,38738,10/11/1965,Corporate,12/5/2023,1/15/2024
181,William,Wagner,michael43@hotmail.com,988.127.5629x131,"2018 Terry Drive
Rebeccahaven, ID 83906",Hughesside,New Jersey,Macao,79485,3/23/1948,Individual,8/9/2024,3/13/2024
182,Jennifer,Carter,scotthenson@sanders.info,001-907-884-0755,"94120 Humphrey Knoll
Amberside, HI 53045",Cathychester,Tennessee,Philippines,69898,1/20/1966,Corporate,7/18/2023,2/14/2024
183,Danny,Martin,elizabethgutierrez@gmail.com,(120)764-2361,"7315 Rivas Run
East Eric, GA 49004",West Michelle,Rhode Island,Tajikistan,71882,7/21/1947,Corporate,6/20/2020,5/15/2024
184,Courtney,Huff,joseph89@gmail.com,506-000-6772,"358 Drake Freeway Suite 364
West Rachel, WA 81475",Wrightside,Maine,Dominica,37788,1/6/1967,Individual,8/11/2020,4/11/2024
185,Javier,Nelson,jensenleah@hotmail.com,(269)177-2481x53349,"2966 Latasha Parks
West Christopherland, MD 33045",Kristinhaven,Ohio,Holy See (Vatican City State),81918,10/18/1971,Corporate,1/12/2020,2/22/2024
186,Edwin,Haynes,morgankelly@hotmail.com,+1-856-928-4335x8978,"5037 Ramos Fields
East George, KS 92701",Theresashire,New Hampshire,Congo,99570,4/15/1944,Corporate,4/7/2022,5/8/2024
187,Brenda,Bradshaw,jeffdiaz@clark.org,-562,"13146 Yvonne Overpass Suite 386
East Alexandraburgh, OR 73917",Lake Gabriel,Colorado,Cote d'Ivoire,72998,8/4/1935,Corporate,5/3/2024,6/25/2024
188,Lucas,Mcdaniel,allenmary@lowery-martinez.com,+1-271-924-9222x29583,"4706 William Trail
East Kenneth, MA 54595",Carterville,Iowa,Sao Tome and Principe,77318,2/4/1983,Corporate,4/15/2020,7/9/2024
189,Morgan,Marquez,vmckinney@hartman.org,+1-106-374-2097x775,"6062 Haney Creek
Newtonstad, IL 55493",Lake Phillip,Idaho,Swaziland,62131,8/30/1953,Individual,3/29/2022,3/30/2024
190,Sean,Wise,andrew86@yahoo.com,998-493-3363,"USNV Frank
FPO AE 36870",South Charles,Tennessee,Saudi Arabia,87889,2/8/1943,Individual,6/11/2023,4/23/2024
191,Casey,Carey,lcampbell@blake-curtis.org,873-623-2838,"201 Jill Plains
Hillborough, LA 45502",Scottburgh,Illinois,Angola,96806,11/1/1939,Individual,4/28/2024,4/1/2024
192,Zachary,Spencer,jennifer85@alvarez-kelly.com,4143463273,"3355 Sara Overpass Apt. 833
Barryberg, NM 04006",North Leslie,North Dakota,Saint Barthelemy,54154,11/7/2000,Corporate,2/16/2021,4/7/2024
193,David,Dudley,laurenmorgan@king.com,6883887965,"76105 Gary Path
New Keith, MO 59641",East Carlborough,Wisconsin,Tanzania,76106,10/7/1947,Corporate,2/29/2024,6/3/2024
194,Valerie,Mcclure,lwalter@reynolds.org,-7975,"0440 Kathy Well Suite 783
Lake Jessica, CA 96910",Michaelville,Pennsylvania,Cayman Islands,86001,1/18/1947,Corporate,9/24/2021,8/10/2024
195,Elizabeth,Myers,dalvarado@durham.com,312.402.9772x0979,"41329 Tammy Oval Apt. 727
South John, MS 00949",Brianchester,New Mexico,Timor-Leste,28535,7/8/2001,Corporate,8/18/2024,5/2/2024
196,Troy,White,yvonne28@yahoo.com,-1903,"74957 Singh Brook Suite 490
Stevenfort, OH 08675",South Ryan,Tennessee,Guernsey,31725,6/20/1955,Corporate,2/24/2023,7/4/2024
197,Jeremy,Fields,wendy62@hotmail.com,211147301,"24838 Gail Greens Apt. 481
Wheelerland, TX 26884",South Laurenside,New Mexico,Grenada,56716,4/15/1959,Corporate,6/15/2023,3/20/2024
198,Kenneth,Bryant,martinezeric@brown-jimenez.com,7795571823,"7145 Adam Shores
Meredithshire, UT 98714",Dyerfort,Connecticut,United States Minor Outlying Islands,83364,9/11/1937,Individual,1/5/2020,6/25/2024
199,Kristen,Lewis,jonesnathan@steele-joseph.com,001-756-914-6520x049,"9891 Diaz Drive
Lake Edwin, WI 61105",South Larry,Connecticut,Lesotho,3603,3/20/1939,Corporate,11/30/2023,8/19/2024
200,Anthony,Knight,princeamanda@gmail.com,821.491.5335x10086,"2678 Samantha Light Apt. 741
Whiteborough, NM 63098",Jacobchester,Utah,Czech Republic,67284,9/16/1958,Corporate,2/21/2023,2/5/2024
