ProductDetailID,ProductName,ProductGroupID,Price,Description,SKU,Manufacturer,SupplierID,StockQuantity,Weight,Dimensions,WarrantyPeriod,DateAdded
1,Democrat,12,54.91,Cup even national off stand left front social to space identify as ability.,a602ac07,Martin Inc,11,576,2.66,24x26x28 cm,2 years,7/9/2024
2,one,17,61.82,Newspaper great environment item reflect question history.,04eda826,Newton-Jackson,8,407,10.41,44x48x16 cm,6 months,5/11/2024
3,also,17,497.08,Student speak state camera that even president serious reach.,ea7b6234,Blake PLC,9,415,16.14,13x33x20 cm,2 years,4/11/2024
4,pull,13,74.77,Pretty physical feel few president reveal how.,fc00dfbd,Allen-Walker,6,239,18.31,19x23x24 cm,6 months,2/23/2024
5,identify,7,176.57,Lot skin speech just black buy really might behind compare civil.,903890ee,Rivas-Rodgers,5,875,1.55,24x14x29 cm,1 year,4/8/2024
6,lead,7,452.95,Street serious total together thank little act family family look picture cultural.,75316ad2,"Johnson, Proctor and Friedman",4,799,10.58,39x13x46 cm,6 months,4/23/2024
7,box,19,351.45,Southern participant some notice simply conference can writer open.,c82d9c07,"Mooney, Cohen and Harper",4,435,2.13,17x14x31 cm,6 months,4/12/2024
8,tax,9,485.66,Prevent majority quality threat glass write under major though key share.,07eb0aa0,Nelson and Sons,13,231,19.89,12x17x10 cm,6 months,6/3/2024
9,commercial,8,329.94,Box us pull race expect general world range hear evening.,f8efaa23,"Roy, Thompson and Johnson",11,354,7.44,39x38x19 cm,2 years,8/14/2024
10,trip,1,58.57,Baby writer year health team million human firm.,2da48581,"Williams, Lloyd and Taylor",4,26,16.31,35x13x37 cm,6 months,6/11/2024
11,free,20,309.66,Approach west spring about six step reduce pressure recent why.,eccdf697,Jones-Cruz,1,245,14.24,42x15x37 cm,6 months,4/26/2024
12,itself,4,90.83,Guy front continue people sure training particularly agency half.,9ce36cac,"Williams, Flores and Snyder",12,816,4.52,31x25x13 cm,6 months,5/16/2024
13,hundred,7,235.71,Speech measure foot foreign million air American.,7c8285e7,Casey Group,8,805,9.39,21x47x16 cm,1 year,1/25/2024
14,decade,15,120.1,Field board hope song way over.,fa72305c,"Ward, Smith and Montgomery",20,885,0.57,35x33x43 cm,6 months,4/22/2024
15,feeling,2,297.47,Society kind lose off player short green recent Republican shake trial fear.,b83f108e,Brown-Kim,5,304,8.52,46x42x28 cm,2 years,7/6/2024
16,member,12,331.17,Adult leave shoulder purpose people mouth.,373f38c8,Collins Inc,13,843,19.57,44x30x28 cm,1 year,5/2/2024
17,word,13,214.83,Final heavy eat perhaps early which difficult provide.,c6194b3e,Downs Inc,16,323,10.95,18x20x22 cm,2 years,7/22/2024
18,game,3,424.97,Consider home responsibility writer Mrs throughout management market.,f9de6b01,Cardenas-Sherman,1,188,8.19,28x13x13 cm,2 years,4/3/2024
19,effect,20,476.96,Total state commercial rest stay focus hot action once American series.,281a80c7,Alvarez-Smith,17,219,15.72,28x44x42 cm,1 year,2/12/2024
20,civil,9,156.91,Feeling month thousand close arm option probably company reach.,cb6397e4,Coleman-Harmon,17,792,5.7,22x30x37 cm,6 months,5/25/2024
21,season,15,183.9,Those new reality beautiful teach glass game guess Mr marriage hot better Democrat.,9e79d9c1,Castillo and Sons,19,674,13.94,20x25x20 cm,2 years,2/23/2024
22,election,17,147.52,Heavy may TV indeed within exist away arm control.,1ec25b84,Cross-Bates,8,881,16.82,39x35x16 cm,2 years,6/23/2024
23,home,14,75.27,Organization huge decide eat wind region.,849e623c,Stevens-Morgan,14,195,4.53,32x16x49 cm,1 year,3/20/2024
24,interview,18,207.86,Sister white together during parent recognize light measure summer less foreign teach hear.,97a2bcfe,Rasmussen-Stone,8,816,6.39,49x46x44 cm,2 years,7/20/2024
25,east,2,37.29,Future cost artist feel budget matter cell hand yourself soon our happy.,a1bb65b6,"Jimenez, Miller and Taylor",15,835,19.04,37x15x40 cm,2 years,1/27/2024
26,those,16,138.22,Fine author drug treat send follow reduce receive whatever market teacher serve carry.,33870ff7,"Banks, Alexander and Curry",1,223,4.76,48x16x42 cm,2 years,3/18/2024
27,medical,1,199.4,Piece region show pass season everybody customer science.,f5c591fc,"Butler, Shelton and Wagner",2,293,15.82,19x10x13 cm,1 year,6/15/2024
28,organization,4,199.25,Military offer nice three yourself goal example recently.,d3ae76c9,Turner-Harrington,4,591,14.64,16x47x15 cm,6 months,7/12/2024
29,during,12,77.61,Wonder see bill big such shoulder different help receive quite animal administration.,9f02040b,Watson and Sons,12,935,14.56,22x42x34 cm,6 months,2/3/2024
30,eye,3,401.63,Stage just she table candidate actually join blood statement move.,233e0d97,Ali Inc,2,179,17.85,27x15x16 cm,2 years,7/31/2024
31,when,8,252.25,Provide movie child coach generation know various six.,e76f3fcc,Hayes-Mason,20,825,3.18,12x32x38 cm,2 years,5/10/2024
32,organization,9,314.96,Democrat nature exactly today never foreign artist follow gun strategy sit bar.,6f2630fa,Ramirez PLC,10,290,19.25,42x25x19 cm,6 months,3/25/2024
33,identify,19,192.04,Himself without your term black community information simple.,130554fa,Harrell Ltd,17,515,11.76,18x14x25 cm,1 year,6/27/2024
34,training,9,485.23,Happen respond dog model item where line action man work.,0964fb8a,Porter Inc,10,926,3.02,21x48x19 cm,1 year,1/19/2024
35,husband,10,484.2,Positive include worry structure sit range test total factor find pattern toward yet.,4ae37c0d,Wilson-Day,14,737,7.53,30x15x10 cm,2 years,2/7/2024
36,his,2,178.19,Kind significant note city beautiful believe TV.,8034ab39,"Jimenez, Blanchard and Turner",4,964,10.89,10x39x20 cm,6 months,7/5/2024
37,station,11,473.11,Scientist could television game order skill cold model throw commercial early.,55c3d04b,Roberson-Bennett,15,578,18.5,44x34x20 cm,1 year,8/16/2024
38,theory,12,340.24,Form often wife magazine as it.,765157f8,"Patel, Cobb and Murillo",6,996,7.56,19x10x31 cm,1 year,2/19/2024
39,truth,11,175.88,Design gun term make price term town believe speech exactly administration hit control.,da096c8f,"Chapman, Reed and Martinez",18,133,15.27,30x20x31 cm,6 months,7/28/2024
40,pay,14,488.53,Certain system key tend what for back trial hit.,4f935784,Guerrero-Gilbert,2,861,9.82,27x11x15 cm,6 months,7/3/2024
41,training,14,324.31,Them debate fast always find yard little standard.,ea43bd77,Collins LLC,12,531,13.04,10x46x40 cm,2 years,7/27/2024
42,national,10,72.49,Movie above piece fight especially partner loss purpose teacher.,6169e2cf,Gross-Rangel,5,843,6.13,24x30x38 cm,1 year,6/25/2024
43,might,9,56.1,Tax chair officer know business couple total reach leader until letter force discover.,8af6749e,"Gordon, Johnson and Price",2,721,1.7,32x34x49 cm,1 year,4/30/2024
44,check,3,427.2,Probably risk force summer figure painting.,e56ac6d9,Carter-Gomez,11,198,19.13,12x36x12 cm,6 months,3/24/2024
45,end,17,118.65,Health fire us building political kid.,2b6c9ffb,Solis Group,1,962,16.63,19x37x19 cm,6 months,3/25/2024
46,include,1,361.18,Thought write western hair water table process.,1d845546,Leon and Sons,4,628,7.23,45x24x36 cm,6 months,6/18/2024
47,yard,5,55.7,Wish than tonight sit method sound fine give loss only father.,4d1bac42,"Martinez, Wilson and David",19,745,18.27,42x19x38 cm,1 year,1/10/2024
48,difference,8,326.65,Discover in newspaper whole high sort billion young them long million wish short.,902c6f8a,Bailey Group,13,380,12.73,15x11x45 cm,6 months,7/5/2024
49,shoulder,18,125.77,Gun cultural area finish guess discussion which decision last wife else serve.,c66fc942,Haynes LLC,19,20,3.71,48x15x37 cm,1 year,1/29/2024
50,recognize,16,127.72,Trade lawyer should American seven forward subject whole decade bank image.,396c9bad,Wagner and Sons,4,685,2.01,13x28x18 cm,6 months,4/15/2024
51,black,20,213.9,All arrive enter explain why those party rather together during policy five treatment.,acbe30b3,Graham-Spencer,4,21,8.67,19x42x16 cm,2 years,1/1/2024
52,he,8,410.92,Deep report and process structure film admit quite.,95839ddb,"Johnson, Reed and Murphy",2,155,14.79,19x15x25 cm,2 years,4/19/2024
53,edge,8,248.6,Program magazine appear international newspaper some run court Mrs ten best growth through.,d84d858f,Green Inc,12,29,18.61,24x13x43 cm,1 year,4/9/2024
54,during,3,212.7,Born note involve body safe quickly check beautiful budget long.,5e5c883e,"Williamson, Mcmillan and Silva",18,56,11.59,37x18x37 cm,2 years,6/18/2024
55,professional,10,120.37,Exactly service worry manage cultural structure herself style expert three research.,f716b11c,Reilly-Fitzgerald,13,56,1.28,11x39x44 cm,2 years,7/2/2024
56,sing,4,438.24,Use however population baby help less hot move street take focus.,0c8fd64d,"Moore, Esparza and Martinez",5,12,7.32,23x18x30 cm,1 year,7/11/2024
57,moment,9,264.12,Relationship today upon total everything candidate tough green important mother size rate either.,56ead01d,Young-Burch,20,738,1.07,40x45x44 cm,6 months,3/29/2024
58,friend,9,491.23,Billion enjoy know history church sign rather identify herself artist.,83ba4572,Dixon-Hunt,19,838,5.57,21x42x12 cm,6 months,1/18/2024
59,traditional,11,6.39,Support responsibility relate fill establish drive ground team federal Mr save government reason.,d995dbcf,Wilson-Montoya,17,385,11.77,20x25x18 cm,2 years,3/28/2024
60,see,1,249.74,Rate ability on its no try free area soon sing.,6e1d9cb0,Smith-Miller,5,888,11.15,18x25x29 cm,2 years,7/24/2024
61,before,9,414.91,President major but sound strategy west stage garden.,c4372fc5,Webb-Swanson,4,740,18.65,38x37x40 cm,2 years,5/31/2024
62,bit,12,132.13,Whatever indicate during into yard view team attention red value.,1df2cd71,Lee-Hunter,1,267,15.01,23x17x19 cm,1 year,7/6/2024
63,age,10,315.45,Past we site rock six player offer skill experience entire.,f044cf64,Martin-Swanson,8,238,9.53,42x24x40 cm,2 years,2/1/2024
64,marriage,7,459.62,Rate owner international talk could move our.,eb4907c0,"Henderson, Deleon and Craig",14,657,3.29,28x40x25 cm,2 years,3/1/2024
65,modern,6,25.2,Professor ability decade structure recognize heart happen coach agent.,56f158f2,Hopkins-Cooper,7,564,6.94,43x26x38 cm,1 year,1/27/2024
66,save,7,273.87,Expect high others market politics order result defense think reduce give certain couple.,a9347f25,Sullivan-Joseph,5,673,10.79,22x44x40 cm,1 year,5/9/2024
67,may,3,228.85,Simple drop task matter east financial certain help society attention many nearly contain field.,767a5dbc,Chapman-Dillon,1,652,6.32,34x24x12 cm,1 year,5/20/2024
68,region,12,189.35,Feel know choice common necessary hot data teacher thing seek building.,4308ac9d,Jackson Group,10,882,11.94,27x11x22 cm,2 years,3/26/2024
69,whom,5,101.55,White whose rise dark area support purpose sense rate recognize create near.,42e5d04c,Roberts-Brown,11,324,9.81,47x39x48 cm,6 months,2/15/2024
70,describe,17,86.82,Growth name agency course stop training executive end.,5d52301f,Fields LLC,10,396,3,18x12x40 cm,1 year,1/17/2024
71,pattern,17,499.18,Half despite season door town none range already become need tell political son.,01932b63,Hart Group,3,926,9.32,38x26x47 cm,2 years,5/5/2024
72,its,7,467.13,Relate building receive necessary fine back real popular summer.,a79c7af0,"James, Kennedy and Huynh",15,370,13.86,23x28x34 cm,6 months,2/6/2024
73,sound,18,346.33,Grow skill strategy whether risk situation hope nothing responsibility sense win not.,4dba709e,Cannon PLC,18,711,18.2,35x43x24 cm,2 years,2/11/2024
74,cut,12,404.15,Task section offer next crime nearly.,35b15bfe,Park PLC,9,149,9.14,21x24x38 cm,1 year,8/7/2024
75,me,13,54.1,None time agree drug range least whom real fund bad.,0c95ba68,"Oconnor, Martinez and George",6,443,17.04,23x19x35 cm,2 years,1/9/2024
76,within,8,448.24,Sometimes late song list style interesting.,5eb8457d,"Henderson, Olsen and Ware",18,454,4.92,43x31x35 cm,2 years,6/18/2024
77,test,6,51.56,Movement game his my century little window.,544d6d72,Murphy-Boone,13,755,12.24,10x27x28 cm,2 years,5/26/2024
78,skill,20,153.13,Total growth myself last watch rest beautiful painting finish leave successful.,e0972e31,Stewart LLC,4,110,13.43,43x43x32 cm,2 years,6/22/2024
79,never,12,125.82,Job decision raise visit despite them but.,68f1b740,"Williams, Ho and Johnson",12,832,14.24,35x39x20 cm,2 years,2/3/2024
80,seat,15,217.57,Film must still trouble including explain worry.,c1df61bd,Walker Inc,9,890,11.54,20x23x34 cm,1 year,5/24/2024
81,each,9,467.68,Social tree political democratic how attorney agree then including another body.,e0c70a5a,Anderson-Mckee,2,786,3.05,43x22x38 cm,6 months,4/13/2024
82,capital,14,285.05,Center state green understand team share after.,2f4a94a8,Weeks Inc,7,102,15.09,28x28x27 cm,2 years,3/13/2024
83,message,20,479.66,But particular help list store heart.,2e84184a,Schneider-Wiggins,12,560,17.21,21x18x12 cm,6 months,6/15/2024
84,road,14,263.37,Sell system lose foreign care surface pressure join commercial.,de8b48bc,Miller and Sons,15,958,1.5,35x15x30 cm,1 year,4/3/2024
85,step,2,287.56,Study move character sell nearly appear star require group.,af4a54e0,"Potter, Navarro and Shaffer",7,791,6.61,15x44x27 cm,6 months,2/4/2024
86,close,6,453.22,Four occur people drug suggest dream cost light over.,3d3e71d6,Lee Inc,8,828,16.05,44x15x25 cm,6 months,7/19/2024
87,political,13,342.44,Language you house political young investment color would door.,a23a6c22,Smith-Day,17,867,16.81,29x39x19 cm,1 year,7/21/2024
88,senior,15,329.06,Fish follow either heart truth high lead first operation discover best.,441347ec,Jacobs LLC,20,586,11.67,25x20x18 cm,1 year,8/18/2024
89,opportunity,11,112.77,Without seek economy president figure money.,f3b415b1,"Knight, Sanders and Sparks",8,56,0.71,10x38x11 cm,1 year,7/18/2024
90,they,11,383.34,Continue into bag Democrat game agent explain toward.,5fa5e07c,"Thomas, Harris and Richardson",6,894,6.97,27x22x22 cm,6 months,7/18/2024
91,music,19,288.55,Assume build run where explain fish concern there indicate large reduce lot.,9713617b,Moss PLC,2,211,17.48,45x27x35 cm,2 years,8/13/2024
92,guess,8,152.07,Arrive century like end successful door.,ac61fad1,Taylor LLC,8,511,16.51,44x18x24 cm,1 year,4/19/2024
93,himself,6,116.2,Heavy nor discussion game full career keep concern morning poor unit.,3888fad0,"Salas, Mora and Willis",8,782,4.4,13x11x41 cm,2 years,2/15/2024
94,program,18,313.96,Size card body size wrong cover suddenly forget.,4ac3ff94,Wright-French,15,496,1.38,34x41x26 cm,1 year,2/21/2024
95,political,16,268.04,Company spring government write clear way.,8fdccb4b,Wallace Inc,3,740,2.37,36x18x42 cm,1 year,4/25/2024
96,body,3,393.94,Under real great sister guess agreement.,b6502c72,Hamilton-Myers,4,664,17.25,45x12x10 cm,2 years,8/7/2024
97,owner,16,23.69,Show very painting job discuss cold benefit interview local top its it other.,0eaa4320,"Watkins, Johnson and Malone",15,624,4.4,17x24x43 cm,2 years,3/5/2024
98,significant,18,394.89,Arm machine firm lose history full west or can after space.,627752c1,Alexander Group,6,554,15.04,28x48x14 cm,6 months,5/30/2024
99,probably,9,230.58,For stock international field eight want board wonder born she.,7f54beaf,Mendoza Ltd,4,282,8.33,14x43x33 cm,2 years,7/9/2024
100,state,1,412.51,Apply partner kind successful phone just trade live.,e3aa5e38,"Turner, Smith and Marks",10,409,13.76,43x13x23 cm,6 months,8/13/2024
101,policy,15,352.91,Herself for beyond official good respond race note bit someone.,57b546af,"Meadows, Moore and Wilson",4,161,5.7,10x11x48 cm,2 years,7/29/2024
102,forget,3,268.79,Study glass management term stock offer determine consider couple age.,accb62e4,"Martin, Thomas and Johns",8,14,19.45,21x33x17 cm,6 months,7/12/2024
103,keep,3,409.85,Clearly religious though air prove movie as.,5973c7ee,"Fowler, Durham and Lee",8,345,9.57,43x44x13 cm,2 years,7/5/2024
104,per,4,312.3,Prevent successful different next interest someone several view effort use.,1e44cb5f,"Gallegos, Wilkerson and Miller",4,689,0.89,46x34x40 cm,2 years,7/29/2024
105,same,17,494.22,Firm production serious today may art senior.,e4d000a0,Thomas Ltd,14,974,3.43,32x31x16 cm,2 years,2/9/2024
106,thus,8,239.9,Worry rule challenge attorney ability same agency.,95958ecd,"Ballard, Jones and Owens",5,996,3.29,41x46x34 cm,1 year,7/16/2024
107,friend,16,440.63,Notice how hour especially life enter yard for shake.,9b6567a3,Luna-Roberts,16,865,5.64,22x30x49 cm,1 year,7/25/2024
108,run,6,312.77,Serve protect dinner now occur state case.,89c84e3e,"Jones, Padilla and Smith",2,496,11.37,11x14x22 cm,1 year,6/23/2024
109,national,5,221.83,Wall environmental development international yourself newspaper.,92008110,Tyler-Peters,8,253,2.51,37x34x37 cm,1 year,7/28/2024
110,physical,18,9.38,Move middle produce as gun firm student sure sell idea read blue allow.,1bad2670,Smith LLC,10,856,10.15,17x41x30 cm,1 year,7/3/2024
111,scientist,16,299.64,During available mention car manager window.,6a89e5ef,King-Frazier,18,951,6.56,12x18x49 cm,1 year,1/8/2024
112,either,20,477.61,Important bad as fund at service act page.,4ce45294,Burns-Smith,8,334,6.84,16x48x48 cm,6 months,6/19/2024
113,manager,16,331.06,Allow yeah story result push person.,e68079f7,Wright Group,18,865,3.94,44x38x10 cm,2 years,3/11/2024
114,probably,18,408.38,Although for medical really collection he deal.,657705bb,Craig-Reyes,13,500,15.91,12x25x31 cm,6 months,7/25/2024
115,plan,11,143.88,Into strategy part lot check campaign building southern theory next let president ok level.,124b9d92,"Garner, Colon and Vazquez",9,65,10.13,29x49x18 cm,2 years,7/10/2024
116,four,8,51.96,Wife nation magazine before across bed PM natural.,fd7ee298,"Hahn, Rogers and Martinez",10,357,5.65,28x37x40 cm,6 months,8/16/2024
117,discover,9,184.12,Product over hospital yourself thing capital worry require responsibility.,8b47b9d8,Barrera-Stewart,9,397,10.51,26x28x11 cm,2 years,2/10/2024
118,should,18,141.88,Amount camera son argue quality short benefit financial oil choose tell call.,2e9bbb24,Smith PLC,16,649,15.18,27x36x33 cm,6 months,5/9/2024
119,society,19,207.55,Think future fact majority one agent everyone.,a4742798,"Campbell, James and White",11,449,6.52,16x30x46 cm,1 year,4/6/2024
120,case,10,355.65,Face method project democratic send fly return nor concern.,7717f14f,"Anderson, Mendoza and Jenkins",14,677,8.53,33x27x23 cm,2 years,3/23/2024
121,career,7,235.32,Arrive guy always responsibility manage nation up perform.,f2c046f6,James LLC,19,350,18.01,36x23x33 cm,6 months,6/19/2024
122,religious,19,259.38,Federal fire price nothing event offer million great enough hit matter.,80196b9b,Jones PLC,3,478,9.85,30x19x14 cm,2 years,5/17/2024
123,only,19,470.76,One room wrong oil memory condition can try.,b75e48c3,Marshall and Sons,6,676,19.21,38x36x40 cm,2 years,8/6/2024
124,dream,17,88.04,Position positive across sound away action up question action writer.,37a7d5b7,"Chambers, Barr and Freeman",14,500,4.1,27x23x33 cm,2 years,6/30/2024
125,account,8,103.71,Write fly former carry investment try.,6fd24d60,Whitehead and Sons,5,778,5.03,45x16x24 cm,6 months,7/27/2024
126,data,13,341.5,Campaign space full ok stand personal book pass arm pattern become.,2031ce89,Carey-Cooper,10,447,8.65,45x38x18 cm,6 months,2/12/2024
127,west,15,453.02,Size design star listen send picture land remain student team.,15c74907,Moore Ltd,11,741,5.48,42x35x37 cm,2 years,2/13/2024
128,operation,10,457.18,Serve high window job road listen concern clearly.,5e8378b7,Allison Group,14,175,13.31,38x19x35 cm,2 years,2/15/2024
129,check,12,120.55,Issue phone difference nation institution unit bed for clearly bag yes.,5200eeb4,Parker PLC,17,122,17.07,41x16x31 cm,1 year,8/13/2024
130,TV,10,126.1,Rule key buy marriage price kitchen.,9c81c32c,Miller-Velasquez,13,63,18.02,43x49x14 cm,6 months,7/24/2024
131,group,10,260.49,Society when join rise take value else radio amount.,f00c804c,"Lopez, Thompson and Jackson",10,62,16.47,11x42x32 cm,1 year,2/29/2024
132,all,18,109.13,May continue thus key whatever level.,fafe8b2f,Wilson Ltd,13,921,12.47,18x30x40 cm,2 years,3/17/2024
133,parent,1,231.8,Early of return control we put.,12ef1475,Smith-Morales,1,771,8.29,11x23x23 cm,1 year,7/25/2024
134,perform,3,338.55,Attack above which member data with phone bar floor necessary begin understand over.,cf32a6c5,Taylor-Goodman,3,670,11.19,31x16x44 cm,6 months,6/12/2024
135,newspaper,19,139.56,Well example ahead present design live term night hand.,77377197,Holden Ltd,13,193,19.41,17x41x11 cm,6 months,6/22/2024
136,thus,9,301.67,Language dinner create mouth lay program develop put themselves.,1e6c577c,"Campbell, Moore and Manning",6,785,16.43,13x36x15 cm,2 years,1/16/2024
137,cup,7,50.77,Among herself just analysis boy role tough have stock.,6f36db28,Anderson Group,6,487,4.37,16x20x42 cm,1 year,7/17/2024
138,security,8,153.66,North become child natural military spend month deal item discover election decade.,f511a556,Daniels Ltd,8,487,12.42,12x14x25 cm,1 year,4/19/2024
139,all,17,198.56,Water know our the impact newspaper month enjoy general.,21bab0c7,Daniels Ltd,9,875,19.01,10x31x20 cm,2 years,7/17/2024
140,Mr,14,337.49,Far feel society bill myself on.,7bf05c10,Myers-Warren,7,73,11.82,15x19x15 cm,1 year,6/13/2024
141,single,8,492.43,Understand age responsibility within second able new mother return.,c6c5e145,Cole LLC,11,93,2.77,42x31x13 cm,6 months,7/26/2024
142,own,4,275.8,Call few mission cover analysis full meet might record future skill direction someone.,f1e2484c,Mendez Inc,10,720,5.22,36x40x12 cm,1 year,4/15/2024
143,he,15,182.84,Big family else nice network a war.,48f7ae7b,Bonilla Inc,16,429,17.62,49x11x20 cm,1 year,5/15/2024
144,imagine,12,264.18,Provide less my evidence rich impact herself shoulder top sure.,5d4355f3,Solis-Mcconnell,20,700,5.92,13x26x11 cm,6 months,6/28/2024
145,style,13,297.03,Race ask knowledge theory year international cell.,2fab391a,Hogan Inc,17,127,9.32,31x23x27 cm,1 year,1/27/2024
146,know,14,176.94,Central stand hit technology meet money wife.,f7e8c7a8,"Potter, Anderson and Mclean",13,816,14.98,26x13x18 cm,1 year,3/15/2024
147,talk,5,340.19,Difficult certain agency mean budget risk join money.,77fbb718,Mcdaniel-Foley,18,133,13.72,46x29x46 cm,2 years,3/15/2024
148,reason,6,484.37,Prove power six tend institution him husband.,bedd5d7e,Wood Inc,7,311,4.88,12x41x21 cm,2 years,2/2/2024
149,according,3,28.74,Cause every ahead represent officer however final.,a143695d,Henderson-Kelley,19,518,14.11,13x24x12 cm,6 months,7/8/2024
150,certainly,16,128.29,Memory as phone economic smile image adult perform.,dd91fa36,"Terry, Chavez and Hampton",6,899,6.8,38x38x36 cm,2 years,2/28/2024
151,soldier,9,479.09,What movement arrive down generation student whole difficult young.,0efac630,"Gilbert, Bishop and Jones",16,649,5.42,12x30x18 cm,6 months,2/1/2024
152,explain,13,85.35,Social follow million make court region.,0bd70baa,"Martin, Crawford and Martin",14,898,12.52,37x17x44 cm,1 year,1/27/2024
153,member,2,253.65,Read do laugh conference stay none worker shake standard dark thing first.,1311c90f,Lopez PLC,13,986,9.48,37x11x18 cm,2 years,8/14/2024
154,television,19,429.63,Many baby two alone can travel bill move simply company fight by.,0073da50,"Rangel, Callahan and Martin",18,979,14.12,36x22x25 cm,2 years,8/18/2024
155,top,5,397.59,Move significant rule image reach sure treatment doctor.,6447afa5,"Boyle, Bryan and Wheeler",17,625,3.95,22x20x20 cm,1 year,7/16/2024
156,war,6,114.57,Go response customer care commercial must.,cc4f173e,Williams and Sons,13,114,18.99,44x40x26 cm,2 years,6/17/2024
157,my,17,400.69,Scene each enough leave none if research modern level sing head want.,5f1584b9,Meyer-Hutchinson,8,950,17.47,15x42x28 cm,2 years,5/17/2024
158,moment,16,129.4,Become yet important my structure many nature change they process since side and mission.,78ae17e1,Reyes Group,13,862,14.06,37x32x49 cm,1 year,4/4/2024
159,decision,19,255.42,Nature like three form music benefit.,b4b5365f,"Whitney, Brewer and David",12,842,5.32,41x29x47 cm,6 months,6/10/2024
160,contain,3,128.36,Plan who teacher official often ok relationship story event yes.,68ee6c5b,Bullock-Gordon,4,315,18.93,13x13x31 cm,1 year,2/13/2024
161,low,5,292.51,Win involve painting send camera director think order goal discuss.,1ce768d9,Morales LLC,13,364,10.04,47x34x41 cm,2 years,7/30/2024
162,no,10,439.03,Drive television bit happy realize subject.,e7e9d9c8,"Hoover, Smith and Smith",4,165,10.87,16x44x17 cm,6 months,7/13/2024
163,meet,7,63.44,Type home beautiful certainly those son.,8b10f4b1,"Mcdonald, Murillo and Ramirez",13,564,10.62,26x36x29 cm,6 months,7/30/2024
164,imagine,1,393.01,Yeah hold quite either according lead check late too leg drive paper some.,f6d7bc47,Patel Inc,20,149,16.09,21x49x36 cm,6 months,5/13/2024
165,crime,2,18.36,Thank middle wish be general assume gun research.,ed3314c1,"Lee, Cardenas and Hernandez",17,519,18.1,10x38x31 cm,1 year,1/31/2024
166,parent,6,238.95,Story board bill popular authority lawyer pull government energy tonight it live now.,9a5587b0,Ray-Rodriguez,16,277,13.53,31x18x15 cm,6 months,6/17/2024
167,leg,11,40.2,Laugh participant suffer store woman all.,838e3af5,Olson Inc,13,433,14.68,16x20x33 cm,6 months,3/18/2024
168,capital,18,458.36,Bad increase seem professor money song standard cause.,ddff13dd,Gay-Davis,6,558,13.82,47x14x18 cm,1 year,5/7/2024
169,indeed,17,410.78,Answer town season drive learn follow big skin once it area collection until.,9e9eff60,Wall Ltd,16,986,9.72,43x31x36 cm,6 months,7/26/2024
170,side,11,173.37,Deep bank nation place respond type main agree forget.,55217856,"Mccoy, Mitchell and Wright",20,767,2.94,14x18x20 cm,1 year,1/16/2024
171,evidence,1,230.63,South doctor Republican ready rule partner together this.,a7fbd8ed,Freeman and Sons,18,620,10.87,37x31x16 cm,1 year,1/5/2024
172,happy,11,156.01,Technology assume what need part form.,59478a46,"Hansen, Rush and Gordon",8,635,12.07,31x27x32 cm,2 years,4/28/2024
173,country,5,116.42,Human without rise far themselves couple far expect police Democrat country option sort.,050020c1,Floyd Inc,17,248,2.74,32x48x29 cm,6 months,2/11/2024
174,card,9,240.37,Year little myself heavy hospital order find strategy son phone.,c8375f99,Donovan-Braun,19,208,19.42,12x23x41 cm,2 years,2/19/2024
175,factor,18,177.98,Lot these we particular hundred analysis hour.,085f64fc,"Fuller, Schmidt and King",14,976,8.36,20x25x38 cm,1 year,2/8/2024
176,yes,6,377.66,Thus role strategy method tend spend owner federal rock.,71932581,Jones-Rivera,7,93,2.42,49x15x38 cm,2 years,5/16/2024
177,most,19,284.75,Line discussion eye bit group seem everything room keep I past.,464477ba,Miller Ltd,16,10,15.93,49x11x14 cm,1 year,6/6/2024
178,book,11,122.96,Kid own girl he with management practice then.,9c0f899b,Patrick Ltd,17,110,13.65,15x42x22 cm,6 months,2/18/2024
179,speak,14,201.71,Move study game social notice pretty answer well though poor consumer another pressure.,88397dbe,"Russell, White and Reilly",17,548,12.67,49x41x27 cm,1 year,6/20/2024
180,resource,4,133.97,Career vote wind effect way rock.,4d95c8c9,"Castillo, Cole and Smith",20,993,13.77,37x37x49 cm,6 months,3/4/2024
181,require,10,410.98,Get adult protect cup two behind.,b09fa488,Smith Inc,1,940,19.55,22x33x31 cm,1 year,1/13/2024
182,yet,14,420.6,Difficult artist forward apply ready me choice indeed foot.,81d9d994,"Mayo, Phillips and Ortiz",2,556,2.44,38x18x22 cm,6 months,7/3/2024
183,heavy,10,310.14,Challenge sit until while law person.,2e6b8ab4,Orr-Santiago,13,994,3.77,34x26x49 cm,1 year,5/3/2024
184,eight,8,292.02,Trip impact result either carry tax owner.,b3dbe1b0,Guzman Group,2,902,7.51,45x48x45 cm,6 months,2/6/2024
185,space,9,159.15,Garden two everyone task doctor family page argue possible interesting here light.,a28fb976,Chavez PLC,1,33,15.25,11x28x38 cm,1 year,6/3/2024
186,call,20,98.84,Let issue write heavy field many.,b23133bb,Thompson-Smith,11,522,8.99,19x37x37 cm,2 years,2/13/2024
187,politics,2,442.69,Market up might store government couple little trial population again with gas.,c9474b47,Ortega Ltd,17,778,7.73,39x18x44 cm,1 year,7/28/2024
188,smile,20,309.78,Understand performance somebody make agent box heart whom.,240e2456,Robinson and Sons,3,77,5.23,34x13x11 cm,1 year,7/22/2024
189,action,3,166.6,Many expert phone him get heart audience.,9b2206f9,Skinner Ltd,20,549,3.48,37x19x47 cm,2 years,2/9/2024
190,source,20,77.21,He population somebody ball may often so health wait.,a7505ab8,Roman-Jenkins,2,989,1.55,49x33x26 cm,2 years,5/15/2024
191,take,2,290.68,Type accept product deal debate man unit will ball break different.,134284a4,Murphy Inc,9,934,17.68,38x49x28 cm,1 year,7/18/2024
192,would,10,113.87,From sign it energy than tell beautiful.,94e1897b,Patterson PLC,16,942,19.63,29x23x17 cm,6 months,1/12/2024
193,century,19,377.98,Design receive whole ahead some bar avoid.,3152139f,"Jimenez, Daniels and Clark",15,39,6.94,14x44x17 cm,2 years,5/12/2024
194,six,4,366.43,Key magazine south market reason value TV yourself yourself.,af2d0387,Ruiz and Sons,14,763,14.64,17x46x19 cm,2 years,6/15/2024
195,enjoy,8,433.29,Miss everybody specific upon teach onto choose TV.,e3ebab19,Hogan-Cole,19,450,13.41,32x40x16 cm,6 months,6/1/2024
196,have,10,73.45,Quickly no official world dinner where social word ask agree goal receive.,464651f4,"Aguilar, Garza and Bright",8,19,7.96,23x33x40 cm,1 year,3/20/2024
197,list,1,340.31,Take knowledge better lead buy play skin value carry when rather until.,b6f90beb,"Smith, Allen and Davis",17,993,1.17,14x45x40 cm,6 months,1/25/2024
198,production,8,240.49,Standard instead fish site development Mrs.,b3bc8839,"Odom, Garza and Carson",6,128,18.43,36x18x17 cm,1 year,3/11/2024
199,left,1,398.24,West speak exist Republican no world.,d48302ef,Farley and Sons,5,433,0.72,15x33x36 cm,2 years,3/7/2024
200,husband,5,196.31,Herself fly human stock practice task him.,a4ec4acb,"Conley, Morgan and Thompson",8,632,11.9,18x37x20 cm,1 year,4/4/2024
